<?xml version="1.0" ?>
<rpc-reply xmlns="urn:ietf:params:xml:ns:netconf:base:1.0" xmlns:nc="urn:ietf:params:xml:ns:netconf:base:1.0" message-id="urn:uuid:fc0a2934-8b9f-4c72-ba08-dfea9d5644d0">
	<data>
		<native xmlns="http://cisco.com/ns/yang/Cisco-IOS-XE-native">
			<version>17.6</version>
			<boot-start-marker/>
			<boot-end-marker/>
			<memory>
				<free>
					<low-watermark>
						<processor>68484</processor>
					</low-watermark>
				</free>
			</memory>
			<call-home>
				<contact-email-addr xmlns="http://cisco.com/ns/yang/Cisco-IOS-XE-call-home">sch-smart-licensing@cisco.com</contact-email-addr>
				<tac-profile xmlns="http://cisco.com/ns/yang/Cisco-IOS-XE-call-home">
					<profile>
						<CiscoTAC-1>
							<active>true</active>
							<destination>
								<transport-method>http</transport-method>
							</destination>
						</CiscoTAC-1>
					</profile>
				</tac-profile>
			</call-home>
			<service>
				<timestamps>
					<debug-config>
						<datetime>
							<msec/>
						</datetime>
					</debug-config>
					<log-config>
						<datetime>
							<msec/>
						</datetime>
					</log-config>
				</timestamps>
				<call-home/>
			</service>
			<platform>
				<console xmlns="http://cisco.com/ns/yang/Cisco-IOS-XE-platform">
					<output>serial</output>
				</console>
				<qfp xmlns="http://cisco.com/ns/yang/Cisco-IOS-XE-platform">
					<utilization>
						<monitor>
							<load>80</load>
						</monitor>
					</utilization>
				</qfp>
				<punt-keepalive xmlns="http://cisco.com/ns/yang/Cisco-IOS-XE-platform">
					<disable-kernel-core>true</disable-kernel-core>
				</punt-keepalive>
			</platform>
			<hostname>Router</hostname>
			<username>
				<name>admin1</name>
				<privilege>15</privilege>
				<secret>
					<encryption>9</encryption>
					<secret>$9$4U06tnwH81Qhh.$rvYt73Z.lTh7mig3zPDDozgitYwndRkJmYB46pkaA.6</secret>
				</secret>
			</username>
			<vrf>
				<definition>
					<name>Mgmt-intf</name>
					<address-family>
						<ipv4/>
						<ipv6/>
					</address-family>
				</definition>
			</vrf>
			<ip>
				<forward-protocol>
					<protocol>nd</protocol>
				</forward-protocol>
				<ftp>
					<passive/>
				</ftp>
				<multicast>
					<route-limit xmlns="http://cisco.com/ns/yang/Cisco-IOS-XE-multicast">2147483647</route-limit>
				</multicast>
				<route>
					<ip-route-interface-forwarding-list>
						<prefix>0.0.0.0</prefix>
						<mask>0.0.0.0</mask>
						<fwd-list>
							<fwd>10.202.255.254</fwd>
						</fwd-list>
					</ip-route-interface-forwarding-list>
					<vrf>
						<name>Mgmt-intf</name>
						<ip-route-interface-forwarding-list>
							<prefix>0.0.0.0</prefix>
							<mask>0.0.0.0</mask>
							<fwd-list>
								<fwd>10.20.0.1</fwd>
							</fwd-list>
						</ip-route-interface-forwarding-list>
					</vrf>
				</route>
				<ssh>
					<rsa>
						<keypair-name>ssh-key</keypair-name>
					</rsa>
					<version>2</version>
				</ssh>
				<http xmlns="http://cisco.com/ns/yang/Cisco-IOS-XE-http">
					<authentication>
						<local/>
					</authentication>
					<server>true</server>
					<secure-server>true</secure-server>
				</http>
				<igmp xmlns="http://cisco.com/ns/yang/Cisco-IOS-XE-igmp">
					<snooping>
						<querier/>
					</snooping>
				</igmp>
				<nbar xmlns="http://cisco.com/ns/yang/Cisco-IOS-XE-nbar">
					<classification>
						<dns>
							<classify-by-domain/>
						</dns>
					</classification>
				</nbar>
			</ip>
			<interface>
				<GigabitEthernet>
					<name>1</name>
					<switchport>
						<trunk xmlns="http://cisco.com/ns/yang/Cisco-IOS-XE-switch">
							<native>
								<vlan-config>
									<tag>true</tag>
								</vlan-config>
							</native>
						</trunk>
					</switchport>
					<vrf>
						<forwarding>Mgmt-intf</forwarding>
					</vrf>
					<ip>
						<address>
							<primary>
								<address>10.20.0.2</address>
								<mask>255.255.255.0</mask>
							</primary>
						</address>
					</ip>
					<logging>
						<event>
							<link-status/>
						</event>
					</logging>
					<mop>
						<enabled>false</enabled>
						<sysid>false</sysid>
					</mop>
					<negotiation xmlns="http://cisco.com/ns/yang/Cisco-IOS-XE-ethernet">
						<auto>true</auto>
					</negotiation>
				</GigabitEthernet>
				<GigabitEthernet>
					<name>2</name>
					<switchport>
						<trunk xmlns="http://cisco.com/ns/yang/Cisco-IOS-XE-switch">
							<native>
								<vlan-config>
									<tag>true</tag>
								</vlan-config>
							</native>
						</trunk>
					</switchport>
					<ip>
						<address>
							<primary>
								<address>10.202.17.200</address>
								<mask>255.255.0.0</mask>
							</primary>
						</address>
					</ip>
					<logging>
						<event>
							<link-status/>
						</event>
					</logging>
					<mop>
						<enabled>false</enabled>
						<sysid>false</sysid>
					</mop>
					<negotiation xmlns="http://cisco.com/ns/yang/Cisco-IOS-XE-ethernet">
						<auto>true</auto>
					</negotiation>
				</GigabitEthernet>
				<GigabitEthernet>
					<name>4</name>
					<switchport>
						<trunk xmlns="http://cisco.com/ns/yang/Cisco-IOS-XE-switch">
							<native>
								<vlan-config>
									<tag>true</tag>
								</vlan-config>
							</native>
						</trunk>
					</switchport>
					<ip>
						<address>
							<primary>
								<address>192.168.2.1</address>
								<mask>255.255.255.0</mask>
							</primary>
						</address>
					</ip>
					<logging>
						<event>
							<link-status/>
						</event>
					</logging>
					<mop>
						<enabled>false</enabled>
						<sysid>false</sysid>
					</mop>
					<negotiation xmlns="http://cisco.com/ns/yang/Cisco-IOS-XE-ethernet">
						<auto>true</auto>
					</negotiation>
				</GigabitEthernet>
			</interface>
			<control-plane/>
			<logging>
				<monitor-conf>
					<monitor>false</monitor>
				</monitor-conf>
				<console-conf>
					<console>false</console>
				</console-conf>
			</logging>
			<login>
				<on-success>
					<log/>
				</on-success>
			</login>
			<multilink>
				<bundle-name xmlns="http://cisco.com/ns/yang/Cisco-IOS-XE-ppp">authenticated</bundle-name>
			</multilink>
			<redundancy/>
			<spanning-tree>
				<extend xmlns="http://cisco.com/ns/yang/Cisco-IOS-XE-spanning-tree">
					<system-id/>
				</extend>
			</spanning-tree>
			<subscriber>
				<templating/>
			</subscriber>
			<ethernet>
				<cfm xmlns="http://cisco.com/ns/yang/Cisco-IOS-XE-ethernet">
					<alarm>
						<delay>2500</delay>
						<reset>10000</reset>
					</alarm>
				</cfm>
			</ethernet>
			<crypto>
				<pki xmlns="http://cisco.com/ns/yang/Cisco-IOS-XE-crypto">
					<certificate>
						<chain>
							<name>SLA-TrustPoint</name>
							<certificate>
								<serial>01</serial>
								<certtype>ca</certtype>
							</certificate>
						</chain>
						<chain>
							<name>TP-self-signed-3762225346</name>
							<certificate>
								<serial>01</serial>
								<certtype>self-signed</certtype>
							</certificate>
						</chain>
					</certificate>
					<trustpoint>
						<id>SLA-TrustPoint</id>
						<enrollment>
							<pkcs12/>
						</enrollment>
						<revocation-check>crl</revocation-check>
					</trustpoint>
					<trustpoint>
						<id>TP-self-signed-3762225346</id>
						<enrollment>
							<selfsigned/>
						</enrollment>
						<revocation-check>none</revocation-check>
						<subject-name>cn=IOS-Self-Signed-Certificate-3762225346</subject-name>
					</trustpoint>
				</pki>
			</crypto>
			<router>
				<bgp xmlns="http://cisco.com/ns/yang/Cisco-IOS-XE-bgp">
					<id>65200</id>
					<bgp>
						<log-neighbor-changes>true</log-neighbor-changes>
					</bgp>
					<neighbor>
						<id>10.202.18.101</id>
						<remote-as>65100</remote-as>
					</neighbor>
					<neighbor>
						<id>192.168.2.2</id>
						<remote-as>65200</remote-as>
					</neighbor>
					<address-family>
						<no-vrf>
							<ipv4>
								<af-name>unicast</af-name>
								<ipv4-unicast>
									<neighbor>
										<id>10.202.18.101</id>
										<activate/>
									</neighbor>
									<neighbor>
										<id>192.168.2.2</id>
										<activate/>
									</neighbor>
									<network>
										<no-mask>
											<number>10.202.0.0</number>
										</no-mask>
										<no-mask>
											<number>192.168.2.0</number>
										</no-mask>
									</network>
									<redistribute>
										<connected/>
										<static/>
									</redistribute>
								</ipv4-unicast>
							</ipv4>
						</no-vrf>
					</address-family>
				</bgp>
			</router>
			<license>
				<udi>
					<pid>C8000V</pid>
					<sn>9CFW34XN00U</sn>
				</udi>
				<boot>
					<level>
						<network-essentials>
							<addon>dna-essentials</addon>
						</network-essentials>
					</level>
				</boot>
			</license>
			<standby>
				<redirects>true</redirects>
			</standby>
			<line>
				<aux>
					<first>0</first>
				</aux>
				<console>
					<first>0</first>
					<stopbits>1</stopbits>
				</console>
				<vty>
					<first>0</first>
					<last>4</last>
					<login>
						<local/>
					</login>
					<transport>
						<input>
							<input>ssh</input>
						</input>
					</transport>
				</vty>
			</line>
			<diagnostic xmlns="http://cisco.com/ns/yang/Cisco-IOS-XE-diagnostics">
				<bootup>
					<level>minimal</level>
				</bootup>
			</diagnostic>
		</native>
	</data>
</rpc-reply>

